doctorId,registrationNo,name,experience,specialization,phoneNo,address
0,2947,Jose Gonzalez,7,Nephrologist,711.221.2954,"569 Bradley Villages
South Tammystad, VT 50582"
1,7164,Jeremy Davis,27,Cardiologist,299.486.4239x479,"865 Brian Spring Suite 905
South Crystal, ID 78675"
2,1702,Jennifer Martinez,16,Orthopedist,(824)342-9670,"4406 Joseph Crossroad Apt. 145
Lake Ashleyside, RI 38576"
3,8126,Courtney Hayes,2,Nephrologist,+1-309-937-8214x056,"07609 Lambert Ways
Carterhaven, AK 84257"
4,8506,Lisa Savage,2,Pulmonologist,419.698.2329,"PSC 2416, Box 9988
APO AP 58761"
5,6009,Jake Fuller,23,General Physician,735-783-1362,"309 Pamela Hills
West Amberberg, UT 44320"
6,2239,Erin Hood,5,Nephrologist,+1-423-303-9893,"5746 Gaines Drive
Nunezfurt, VT 06416"
7,7703,James Hernandez,21,Nephrologist,475-961-5784x59866,"PSC 9836, Box 0945
APO AA 11177"
8,7120,Jessica Wilson,2,Pulmonologist,621.612.0900x472,"Unit 1101 Box 1371
DPO AP 32580"
9,5234,Mariah Brown PhD,19,Dermatologist,662-942-8423,"2550 Leslie Vista Suite 025
East Jasonshire, CA 61151"
10,5695,Dr. Darren Dean,28,Psychiatrist,806-855-4734,"8497 David Tunnel Apt. 753
North Natalie, KS 36678"
11,8143,Dawn Baldwin,17,Psychiatrist,001-742-682-2831x47493,"801 Li Fields Apt. 923
Brennanborough, VA 03492"
12,5782,Jesse Flowers,23,Cardiologist,(792)655-9617x1945,"PSC 1504, Box 4154
APO AP 31106"
13,2881,Mary Duncan,16,Endocrinologist,001-294-819-2124x28767,"6920 Lauren Forges Apt. 462
Lake Rhondastad, MO 26047"
14,3524,Kelly Beasley,27,Orthopedist,244-454-8550,"136 Marco Wells
East Laurafort, KS 99928"
15,9623,Laura Cole,24,Gastroenterologist,+1-970-886-0292x983,"Unit 0403 Box 3405
DPO AE 63731"
16,6208,Madison Munoz,5,Psychiatrist,263.717.3127,"340 Mason Pass Suite 755
Amyside, AS 12885"
17,5175,Samantha Lee MD,11,Orthopedist,4987589924,"5564 Joann Valley Suite 648
Lake Kelly, NH 24329"
18,5354,Robert Anderson,23,Nephrologist,+1-265-990-3066x140,"399 Allison Crest Suite 516
South Keith, AK 92506"
19,4823,Tiffany Lane,20,Pulmonologist,7047194024,"747 Brown Shores
Ronaldfurt, PA 98201"
20,1720,Autumn Hood,27,Pulmonologist,444.965.9568,"USNS Salazar
FPO AA 62229"
21,5204,Samuel Powell,28,General Physician,001-206-630-9812x92080,"367 Hill Mews Apt. 098
North Darrenmouth, AZ 77000"
22,4871,Amber Gilbert,10,Orthopedist,001-656-492-3434x202,"Unit 9982 Box 6946
DPO AE 96054"
23,4482,Lisa Martin,29,Gastroenterologist,(886)973-7635,"01170 Davis Grove Apt. 577
Bondville, VA 52026"
24,3289,Richard Galloway,5,Psychiatrist,001-525-294-7808x28231,"80833 Weber Ranch
East Chrisbury, NV 04764"
25,5953,Danielle Young,23,Orthopedist,001-207-744-5297x18783,"5654 Phillips Knoll Apt. 650
Markton, NV 84245"
26,2075,Anthony Baker,28,Orthopedist,809-996-0472,"652 Thomas Mission
Gonzalezberg, PA 93217"
27,3252,Xavier Hahn,24,Pulmonologist,992-658-8977x592,"61262 Shannon Station
Emilyshire, MS 94609"
28,4429,Amanda Clark,11,Cardiologist,+1-377-236-5870,"974 Paul Isle
East Joshuafurt, OK 76247"
29,7515,Lori Harvey,3,Nephrologist,6766643732,"52431 Mcmahon Lodge
Warrenbury, CT 47546"
30,9826,Kristy Harmon,13,Gastroenterologist,837.356.1691x3891,"5708 Laura Orchard
Lake Jose, MO 98406"
31,6302,Brandon Munoz II,19,Orthopedist,326-642-1584,"47360 Shelia Streets
Hendricksburgh, FL 32568"
32,8326,Carlos Knight,25,Endocrinologist,+1-979-305-0019,"3017 Laura Dale Suite 607
Duranfort, ND 10102"
33,2538,Melissa Peterson,26,Pulmonologist,+1-625-884-6474x88343,"771 Tina Port Suite 988
Jamesland, WA 18257"
34,6065,Cynthia Melton,25,Gastroenterologist,350.778.1490,"39780 Brown Walk
Christopherborough, DC 12145"
35,4729,Katherine White,30,Cardiologist,773-596-9682,"528 John Shores Suite 448
South Kaitlyn, MI 14480"
36,8132,Dakota Moore,4,Cardiologist,(538)844-6373x257,"3127 Davis Stravenue Apt. 802
East Michaelmouth, ME 15234"
37,1040,Lisa Hale,22,Gastroenterologist,(727)875-6554,"PSC 9201, Box 4426
APO AA 99715"
38,6151,Joel Aguilar,13,Orthopedist,741.492.4579x15415,"590 Wilson Trail
Rojasburgh, IA 87619"
39,1191,Christine Petersen,1,Psychiatrist,001-674-362-2025x804,"79453 Jennifer Underpass Apt. 168
Smithhaven, FL 15362"
40,6756,Paula Howe,1,Gastroenterologist,001-617-825-3827x35970,"36789 Roman Rue
Morantown, IL 21873"
41,9456,Debra Montes,20,Psychiatrist,+1-681-762-5011,"USCGC Vincent
FPO AA 90581"
42,4050,Anna Garcia,15,General Physician,+1-738-221-9095x27725,"7993 Johnson Branch
Lake Angel, PA 76700"
43,1556,Wayne Vaughn,21,Psychiatrist,(652)977-5477,"595 Martin Trace
South Gilberthaven, CA 91044"
44,9076,Lori Hernandez,18,Endocrinologist,+1-985-322-5011x7261,"8112 Kenneth Fork
Paigeview, CT 72624"
45,9548,Michael Ellis,13,Gastroenterologist,001-429-800-1758x50994,"29065 Elizabeth Walks Suite 008
North Wendyside, FL 96386"
46,7476,Luis Hall,27,Gastroenterologist,436.550.3724x0195,"856 Murphy Harbors
North Jenniferchester, VI 14424"
47,6414,Brian Rios,23,Gastroenterologist,(349)853-8320x71058,"USCGC Peters
FPO AE 39407"
48,1151,Danielle Castillo,15,Nephrologist,(701)791-8022,"1907 Taylor Locks
Rogersstad, AS 52069"
49,8466,Crystal Gilbert,9,Endocrinologist,6249715024,"74633 Ramirez Plaza
Andersonbury, NM 75156"
50,3509,Steve Williams,29,Psychiatrist,+1-999-616-3578x1694,"42470 Brenda Rapids
Port Dianaland, IL 61155"
51,5341,Andrew Berry,30,Psychiatrist,+1-831-878-8686,"0448 Amber Stravenue
Calderonland, FM 58161"
52,3612,Kimberly Shelton,19,Dermatologist,+1-879-448-2489,"49689 David Mews
Shawnshire, GA 37033"
53,5700,Matthew Mendez,13,General Physician,580-606-2562,"21283 Carter Rapids Suite 509
Camposmouth, NM 68223"
54,8291,Rebecca Kent,15,Pulmonologist,(867)559-7024,"544 Moss Burg
Chavezbury, AS 35859"
55,8924,Michael Huffman,6,Gastroenterologist,(200)938-5031,"033 Jon Trace
East Aaronside, ID 57180"
56,2899,Jaime Price,29,Endocrinologist,(463)663-7388,"06780 Matthew Views
Charlesbury, NE 47993"
57,4268,Samuel Lucas,1,Orthopedist,603.323.9228,"346 Peck Grove
North Jackview, TX 50967"
58,1493,Kendra Golden,20,Orthopedist,(713)572-3025,"07949 Cody Union Suite 419
Johnsonshire, MS 57146"
59,8094,Timothy Medina,25,Pulmonologist,+1-522-577-0495x026,"Unit 6030 Box 3589
DPO AP 15323"
60,5125,Timothy Buchanan,1,Psychiatrist,689.369.0423,"7713 Gonzalez Squares Suite 051
New Joshuabury, FM 42901"
61,5013,Chad Johnson,21,Gastroenterologist,8725760120,"1596 Angela Grove
Davidton, GU 89923"
62,3879,Deborah Weiss,30,Gastroenterologist,3626606677,"297 Sharp Corner
North Jennifer, OR 78778"
63,3162,Rebecca Brown,2,Cardiologist,609-649-1351,"390 Jonathan Lock Suite 840
Mcclurefurt, OH 46874"
64,6653,Heather Hill,21,Pulmonologist,001-361-558-8339x190,"03682 Wright Circles
Thomashaven, NV 42475"
65,8337,Beth Clark,22,General Physician,001-788-421-9030x001,"97059 Hooper Square Apt. 249
Laurachester, GA 88334"
66,8847,Amber Woods MD,5,Pulmonologist,(443)566-4650x60750,"0419 Tracy Corners Suite 824
South Jenniferton, NH 75164"
67,4578,Michael Watkins,22,Cardiologist,+1-935-398-3606x68771,"USCGC Meyers
FPO AA 38537"
68,3043,Grace Perez,24,Nephrologist,(293)586-3206x2618,"USNS Haynes
FPO AA 51978"
69,5333,Danielle Arellano,2,Nephrologist,920.939.7546x690,"1110 Amanda Canyon
Samanthafurt, OH 83535"
70,8265,Mitchell Turner,11,Gastroenterologist,+1-336-237-1207x931,"4309 Ryan Ridge
Lake Kimberlyland, ND 60631"
71,5729,Martin Atkinson,24,Pulmonologist,5437631753,"6146 Jessica Rapid
Port Jessica, FM 20332"
72,9577,Susan Ray,22,General Physician,001-766-825-1426x32374,"2142 Reed Ports
Bergtown, WV 90606"
73,2192,Keith Frank,28,Gastroenterologist,968.985.1384x21434,"2722 Kara Forge Suite 683
Danielland, MD 12819"
74,8247,Anthony Arnold,23,Dermatologist,394.994.5880,"73874 Brian Mountain Suite 746
Timothyburgh, CO 22970"
75,7368,Matthew Elliott,24,Pulmonologist,(923)846-5365x736,"0374 Jason Estate Suite 346
North Rebeccafurt, PW 32002"
76,1780,Timothy Cunningham,7,Orthopedist,972.617.1364x29310,"5388 Santiago Pass Suite 296
Schultztown, MI 03060"
77,4543,Craig Jefferson,20,Cardiologist,525-386-4952,"5713 Jacqueline Mountain Apt. 908
Steeletown, MA 93279"
78,7378,Cindy Garrison,8,Gastroenterologist,766.509.8116,"9897 Hubbard Tunnel Suite 930
East Scott, TX 28648"
79,8810,Anna Powers,11,Pulmonologist,475.280.0764,"93173 Ruiz Throughway Suite 546
Jasmineville, SC 88069"
80,9276,Nicholas Rodriguez,12,Pulmonologist,+1-977-780-9528x8220,"348 Griffin Squares
East Michaelport, DC 41916"
81,2883,Misty Hartman,16,Psychiatrist,680.417.8820x7283,"483 Gonzalez Mall
Laurenland, PA 69371"
82,8807,Kaitlyn Craig,22,Orthopedist,(728)919-8614x59122,"8898 Love Causeway Apt. 539
North Jessicachester, CO 27400"
83,4036,Garrett Williams,1,Orthopedist,8242401506,"36469 Anderson Key Apt. 464
New Brianna, PA 24251"
84,5395,Steven Chapman,9,General Physician,001-297-656-9704x5394,"0185 Roman Landing Suite 998
Stevensburgh, MO 85412"
85,5128,Pamela Rodriguez,12,Endocrinologist,950.823.9278,"248 Williams Turnpike Suite 274
West Christopherport, GA 80475"
86,2805,Shannon Perez,17,Orthopedist,752.518.0327,"22136 Nicholas Village Suite 682
Johnsontown, MD 44579"
87,8243,Jacob Hill,6,Gastroenterologist,604.715.6784x76778,"89683 Miller Mountains
Johnfort, CO 44573"
88,1884,Tony Sexton,24,Dermatologist,502.486.4770,"1814 Yoder Square
Port Danielbury, FM 15130"
89,8156,Timothy Ward,8,Psychiatrist,212.753.0673x5576,"459 Boyd Key
East Bradley, AL 63916"
90,3396,Charles Willis,30,Nephrologist,001-767-350-5837x55144,"87743 Allison Pine Apt. 950
North Tina, KS 29893"
91,1276,Teresa Camacho,18,Endocrinologist,+1-587-509-4397x973,"44144 Susan Locks
Danielbury, NV 17830"
92,3483,Renee Stein,12,Endocrinologist,409.535.2917,"9297 David Flats Apt. 574
West Veronicaborough, NV 50303"
93,4197,George Black Jr.,8,Psychiatrist,001-425-371-9508x0734,"625 Lisa Corner Suite 737
Gilbertstad, TN 67401"
94,5320,Kimberly Lucas,14,Dermatologist,385-261-3543x096,"PSC 6900, Box 6906
APO AE 46162"
95,2080,Jessica Miller,15,Endocrinologist,783-685-5123,"036 Julie Ramp
North Michaelchester, NH 87129"
96,3755,Alexander Sweeney,22,Nephrologist,273-467-0804x3297,"1213 Herrera Plains Apt. 480
Brownton, SD 99325"
97,8999,Vanessa Williams,30,Psychiatrist,699.273.6291x754,"Unit 0863 Box 4563
DPO AP 44642"
98,2224,David Graves,13,Orthopedist,+1-684-595-2898,"180 John View
Sharonchester, NE 60393"
99,1167,Mark Jackson,24,General Physician,286.229.4013,"3831 Johnson Viaduct
Meyerton, GU 91468"
